<?xml version="1.0" encoding="UTF-8" ?>
<!DOCTYPE mapper
        PUBLIC "-//mybatis.org//DTD Mapper 3.0//EN"
        "https://mybatis.org/dtd/mybatis-3-mapper.dtd">
<mapper namespace="com.plus.wine.mapper.WineplusMapper">

    <sql id="wineTable">
        no, type, country, price, sweet, sparkling, acidity, body_s, tannin, ofile, sfile, kname, ename, winery,
        vintage, volume, info, viewcount
    </sql>

    <sql id="wineSelect">
        SELECT DISTINCT w.no, ofile, ename, kname, country, winery
        FROM wine w, winefood_match wf, food_match fm
        WHERE w.no = wf.no
        AND wf.fno = fm.fno
        <if test="types != null">
            AND w.type IN
            <foreach item="type" collection="type" open="(" separator="," close=")">
                #{type}
            </foreach>
        </if>
        <if test="country != null">
            AND country IN
            <foreach item="country" collection="country" open="(" separator="," close=")">
                #{country}
            </foreach>
        </if>
        <if test="food != null">
            AND food_match IN
            <foreach item="food" collection="food" open="(" separator="," close=")">
                #{food}
            </foreach>
        </if>
        <if test="sweet != null">
            AND sweet = #{sweet}
        </if>
        <if test="sparkling != null">
            AND sparkling = #{sparkling}
        </if>
        <if test="acidity != null">
            AND acidity = #{acidity}
        </if>
        <if test="body != null">
            AND body_s = #{body}
        </if>
        <if test="tannin != null">
            AND tannin = #{tannin}
        </if>
        <if test="price != null and price.min != null and price.max != null">
            AND price BETWEEN #{price.min} AND #{price.max}
        </if>
    </sql>

    <select id="getList" resultType="com.plus.wine.domain.WineplusDTO">
        SELECT
        <include refid="wineTable" />
        FROM
        wine
        WHERE
        no > 0
    </select>

    <select id="getListWithPaging" resultType="com.plus.wine.domain.WineplusDTO">
        <![CDATA[
        SELECT
            <include refid="wineTable" />
        FROM
            (
            SELECT
                /*+INDEX_DESC(wine pk_wine)*/
                rownum rn, <include refid="wineTable" />
            FROM
                wine
            WHERE
        ]]>
        <include refid="wineSelect" />
        <![CDATA[
            rownum <= #{pageNum} * #{amount}
            )
        WHERE
            rn > (#{pageNum} -1 ) * #{amount}
        ]]>
    </select>

    <select id="getTotalCount" resultType="int">
        SELECT
        COUNT(*)
        FROM
        wine
        WHERE
        no > 0
        <trim prefix="AND">
            (<include refid="wineSelect" />)
        </trim>

    </select>

    <select id="selectWineList" resultType="com.plus.wine.domain.WineplusDTO">
        <include refid="windSelect" />
    </select>
</mapper>